SID,UniversalClock2Pan,UniversalClock2Blood,UniversalClock2Skin,UniversalClock3Pan,UniversalClock3Blood,UniversalClock3Skin,PredictedSpeciesLatinName,Sample_Plate,Sample_Group,Pool_ID,Project,Sample_Well,Sentrix_ID,Sentrix_Position,ExternalSampleID,SampleType,Concentration,Volume,Sex,Tissue,Species,Well_Address,Plate_Number,IDATsFound,ExtBasename,Age,CollectionDate,VolCode_HLTH,Basename,Row,Col,Entropy,predictedSexByCF,PredictedTissue,Sex.PanMammalianPredictor,maxAgeCaesar,averagedMaturity.yrs,GestationTimeInYears,HighmaxAgeCaesar,CorSampleVsGoldStandard,fractionFailed,isPCAOutlier,isFractionOutlier,isIACOutlier,DNAmAgePanFinal,DNAmAgeBloodFinal,DNAmAgeLiverFinal,DNAmAgeBrainFinal,DNAmAgeCerebellumFinal,DNAmAgeCortexFinal,DNAmAgeFibroblastFinal,DNAmAgeHeartFinal,DNAmAgeKidneyFinal,DNAmAgeMuscleFinal,DNAmAgeSkinFinal,DNAmAgeStriatumFinal,DNAmAgeTailFinal,DNAmAgePanDevelopmentFinal,DNAmAgeBloodDevelopmentFinal,DNAmAgeLiverDevelopmentFinal,DNAmAgeBrainDevelopmentFinal,DNAmAgeCerebellumDevelopmentFinal,DNAmAgeCortexDevelopmentFinal,DNAmAgeFibroblastDevelopmentFinal,DNAmAgeHeartDevelopmentFinal,DNAmAgeKidneyDevelopmentFinal,DNAmAgeMuscleDevelopmentFinal,DNAmAgeSkinDevelopmentFinal,DNAmAgeStriatumDevelopmentFinal,DNAmAgeTailDevelopmentFinal,DNAmAgePanInterventionsFinal,DNAmAgeBloodInterventionsFinal,DNAmAgeLiverInterventionsFinal,DNAmAgeBrainInterventionsFinal,DNAmAgeCerebellumInterventionsFinal,DNAmAgeCortexInterventionsFinal,DNAmAgeFibroblastInterventionsFinal,DNAmAgeHeartInterventionsFinal,DNAmAgeKidneyInterventionsFinal,DNAmAgeMuscleInterventionsFinal,DNAmAgeSkinInterventionsFinal,DNAmAgeStriatumInterventionsFinal,DNAmAgeTailInterventionsFinal,DNAmAgeBat.BatMyotisSkin,DNAmAgeBat.BatPhyllostomusSkin,DNAmAgeBat.BatPteropusSkin,DNAmAgeBat.Antrozous.pallidus_Skin,DNAmAgeBat.Carollia.perspicillata_Skin,DNAmAgeBat.Cynopterus.brachyotis_Skin,DNAmAgeBat.Desmodus.rotundus_Skin,DNAmAgeBat.Eidolon.helvum_Skin,DNAmAgeBat.Eptesicus.fuscus_Skin,DNAmAgeBat.Leptonycteris.yerbabuenae_Skin,DNAmAgeBat.Molossus.molossus_Skin,DNAmAgeBat.Myotis.lucifugus_Skin,DNAmAgeBat.Myotis.myotis_Skin,DNAmAgeBat.Myotis.vivesi_Skin,DNAmAgeBat.Phyllostomus.discolor_Skin,DNAmAgeBat.Phyllostomus.hastatus_Skin,DNAmAgeBat.Pteropus.hypomelanus_Skin,DNAmAgeBat.Pteropus.poliocephalus_Skin,DNAmAgeBat.Pteropus.pumilus_Skin,DNAmAgeBat.Pteropus.rodricensis_Skin,DNAmAgeBat.Pteropus.vampyrus_Skin,DNAmAgeBat.Rhinolophus.ferrumequinum_Skin,DNAmAgeBat.Rhynchonycteris.naso_Skin,DNAmAgeBat.Rousettus.aegyptiacus_Skin,DNAmAgeBat.Saccopteryx.bilineata_Skin,DNAmAgeBat.Tadarida.brasiliensis_Skin,DNAmAgeBat.BatSkin
ET0359S11,1.951492996,1.510420709,2.294963198,0.699601535,0.464962937,1.21243908,Eidolon helvum,Clock_40_DNA_0014_Plate_1,1,,ET0359.ChicagoCBrookBat.m40k,A4,2.08142E+11,R01C01,S1_1,DNA,18,50,female,wing punch,Eidolon dupreanum,,,FALSE,208141550022_R01C01,,,,208141550022/208141550022_R01C01,1,1,,female,Skin,female,21.8,1.75000274,0.753424658,28.34,,0.298902913,FALSE,FALSE,FALSE,0.991284276,0.349445316,0.207192113,0.148546593,0.609019011,1.923098595,5.518717721,3.614146846,0.036605482,0.036857165,1.814842,3.068044827,0.266010867,4.796847935,1.121042506,0.132094911,1.00651877,0.210275232,-0.006368758,6.342012468,0.789860705,0.122081986,0.212997175,0.768320757,1.328785831,0.047975996,0.179367613,0.559222696,0.09093739,-0.00062218,2.499561691,0.24471829,0.182802788,0.649576214,-0.058870332,-0.026025489,0.851088387,-0.023718885,-0.052048132,4.030586136,3.461377612,3.96391999,3.690345232,5.605935942,10.46476673,15.52497254,4.543350702,8.049683829,2.238079746,1.809791341,0.035744775,5.423863422,1.769608413,2.19965705,3.783912254,4.828925068,10.45043456,2.565130688,7.353163486,3.909817435,5.451882578,1.284209821,16.61281969,2.152171743,1.645027114,4.331984613
ET0359S110,4.801632173,1.816627741,5.416505351,4.58026991,2.304920607,3.07997981,Pteropus pumilus,Clock_40_DNA_0014_Plate_1,1,,ET0359.ChicagoCBrookBat.m40k,B5,2.08142E+11,R04C02,S1_10,DNA,6.2,50,male,muscle,Pteropus rufus,,,FALSE,208141550022_R04C02,,,,208141550022/208141550022_R04C02,4,2,,male,Skin,male,17.3,0.75,0.328767123,22.49,,0.53586835,TRUE,TRUE,TRUE,1.64241299,0.397474723,0.21991291,0.114609658,0.776196658,1.454535556,4.837889707,2.295936596,-0.027897871,0.02547671,1.751912379,3.662041921,0.390897698,3.01306771,2.085125816,0.210130467,0.050037443,0.764277089,-0.055152675,3.981570204,0.473741366,-0.017296385,-0.000900718,1.976305529,1.511609334,0.179935577,1.541006787,1.006451027,0.395320748,0.647329554,1.556633618,3.104645145,-0.056389485,-0.054407317,-0.054503741,0.212460888,0.014362866,0.118350421,-0.053909187,1.626457292,10.94623561,9.779111752,7.992635839,3.632393777,10.46476673,22.68042043,3.67685758,8.69645063,2.691548534,2.011064342,0.802126155,3.431694968,3.612652978,2.774841129,13.23259447,4.180842186,10.0178203,4.797149503,9.946352272,4.770004967,3.262539231,0.404135838,6.490547186,4.107792031,0.020006385,7.195889459
ET0359S111,1.214407459,2.091649893,0.13551017,1.279085718,0.390256029,0.384595884,Pteropus pumilus,Clock_40_DNA_0014_Plate_1,1,,ET0359.ChicagoCBrookBat.m40k,C5,2.08142E+11,R05C02,S1_11,DNA,8.3,50,male,wing punch,Pteropus rufus,,,FALSE,208141550022_R05C02,,,,208141550022/208141550022_R05C02,5,2,,male,Skin,male,17.3,0.75,0.328767123,22.49,,0.382941897,FALSE,FALSE,FALSE,1.761770934,0.237111231,0.083544973,0.144123482,0.782374346,1.52579271,3.376174873,1.627587873,-0.023617178,-0.010785494,2.261341229,2.940576618,0.31958284,2.595378543,0.079485326,0.018442463,0.936537587,0.250893247,0.090901748,8.279253759,0.002884263,-0.022328307,0.013197939,0.549591195,3.149851442,0.053151024,0.097915435,0.650737694,0.111909045,0.313217978,1.926646235,1.389471905,-0.051663827,-0.056477342,-0.057454051,-0.027549157,-0.02441568,-0.000984669,-0.057932309,1.768174144,2.728779378,1.328455021,1.998434439,1.932996933,10.46476673,13.64411588,3.937478729,5.866801002,1.626431743,1.901161104,0.924904129,2.855443942,1.416797601,1.664268861,4.244475042,1.947413771,7.528642102,2.072615858,5.277133619,1.026683886,2.953920921,0.117430717,5.472068944,3.079260813,1.543591742,1.395697624
ET0359S112,3.145355532,3.666109795,1.475081944,3.118926584,0.715418307,1.64027739,Pteropus pumilus,Clock_40_DNA_0014_Plate_1,1,,ET0359.ChicagoCBrookBat.m40k,D5,2.08142E+11,R06C02,S1_12,DNA,9.2,50,female,wing punch,Pteropus rufus,,,FALSE,208141550022_R06C02,,,,208141550022/208141550022_R06C02,6,2,,female,Skin,female,17.3,0.75,0.328767123,22.49,,0.372689993,FALSE,FALSE,FALSE,2.1127683,0.271808233,0.139041268,0.129481609,0.78376701,0.762620407,3.879050379,1.975214673,-0.031534432,-0.015726369,2.335068867,2.596201391,0.489643133,2.306435931,0.068931033,0.022728235,1.364638654,0.235638666,0.063558014,8.618342464,0.03342548,-0.02594989,0.015183612,0.687329799,2.363298403,0.125396357,0.072944365,0.579340603,0.166280998,0.849660342,2.123900645,1.76509909,-0.05396995,-0.0574303,-0.056879672,-0.032133403,-0.040959401,-0.001872907,-0.057590462,2.822835488,3.385672351,3.595395242,2.667031584,2.434766555,10.46476673,15.75518333,4.330516822,7.147973589,2.450551466,2.056213296,1.070874039,3.73737364,1.736144004,2.326184292,4.601434549,3.502020378,8.649584034,3.950994139,7.226980995,2.285953097,5.104249243,0.232965369,5.645538864,3.584152912,1.913342408,2.574753349
ET0359S113,10.18973346,5.458544399,9.476187594,8.591845708,4.528556689,5.132608136,Eidolon helvum,Clock_40_DNA_0014_Plate_1,1,,ET0359.ChicagoCBrookBat.m40k,E5,2.08142E+11,R01C01,S1_13,DNA,31,50,female,wing punch,Eidolon dupreanum,,,FALSE,208141550004_R01C01,,,,208141550004/208141550004_R01C01,1,1,,female,Skin,female,21.8,1.75000274,0.753424658,28.34,,0.38653672,FALSE,FALSE,FALSE,2.493540753,0.487314062,0.317224685,0.025476032,0.596372405,2.346336535,5.571091285,4.783162037,-0.038298521,0.022412679,1.974242132,3.6252288,0.355817069,6.046945333,1.79674817,0.250504985,1.904600686,0.148228296,0.055301848,5.969515139,0.399917711,0.174557253,0.152643081,0.909780669,2.562832239,0.125626502,0.249397238,0.739559813,0.198134708,0.080646061,1.875354849,1.640231726,0.552091818,1.985686658,-0.059256676,0.055453004,0.189802251,0.092436263,-0.054724884,4.607962533,5.597123546,8.053384581,4.560536668,9.908157021,10.46476673,27.08797369,7.673604333,13.17176306,3.390555289,2.501457409,0.70385885,6.180758515,2.307710817,4.270036011,6.965366596,8.844014681,12.79382485,4.09739596,9.926462098,8.164720405,8.025784477,2.050745854,17.82255858,3.139530201,2.527119682,14.8459461
ET0359S114,7.22688547,6.857999059,6.441244881,6.350916431,2.34358859,5.120338229,Rousettus aegyptiacus,Clock_40_DNA_0014_Plate_1,1,,ET0359.ChicagoCBrookBat.m40k,F5,2.08142E+11,R02C01,S1_14,DNA,4,50,male,wing punch,Rousettus madagascariensis,,,FALSE,208141550004_R02C01,,,,208141550004/208141550004_R02C01,2,1,,male,Skin,male,22.9,1,0.317808219,29.77,,0.415295308,FALSE,FALSE,FALSE,0.859972095,0.237631492,0.13819443,0.184744671,0.856514568,2.226572779,4.887799907,3.563931195,-0.047235203,-0.012592291,1.779162741,4.327208771,0.312642491,4.797507822,2.962661295,0.820225044,1.67275068,0.335879822,-0.015582177,11.77852809,0.421223539,0.025785885,0.332377332,0.355377709,1.702755946,0.083706944,0.106121128,0.609195889,0.459876982,0.349778589,1.759945543,1.654249044,0.044360803,0.013932134,-0.059227207,0.006198139,0.088017494,0.239820694,-0.055257336,7.283212122,7.907252296,4.651585359,5.328165828,6.206455719,10.46476673,19.52179899,7.403560525,10.78892132,3.214759594,3.297475587,1.000546023,4.59007799,2.679982205,5.335621528,7.793747647,10.10500179,11.73710496,3.425899472,13.65935319,8.160181951,15.68287119,1.753916663,6.828671251,3.182987121,-0.006215419,6.189289274
ET0359S115,7.207902241,6.214632816,12.39464847,3.893780238,3.326231247,5.999163774,Eidolon helvum,Clock_40_DNA_0014_Plate_1,1,,ET0359.ChicagoCBrookBat.m40k,G5,2.08142E+11,R03C01,S1_15,DNA,4.12,50,male,wing punch,Eidolon dupreanum,,,FALSE,208141550004_R03C01,,,,208141550004/208141550004_R03C01,3,1,,male,Skin,male,21.8,1.75000274,0.753424658,28.34,,0.596394525,FALSE,TRUE,FALSE,2.183359548,1.31980002,0.234705084,0.01366336,0.416320414,2.530793814,2.98474206,4.467193966,-0.016593346,0.035461993,0.986717195,3.954079217,0.424842198,6.107803948,3.163599773,0.26939428,1.709021834,0.107363314,0.022209523,5.523809839,1.287855026,0.174569322,0.467816194,0.809629722,3.971868858,0.069540001,0.245494214,1.466495724,0.254068026,0.00219586,1.685630322,1.969671139,-0.006594275,2.488755431,-0.05415922,0.156668972,-0.00949624,0.022990275,-0.056733085,5.487008211,5.885277686,12.50319451,4.914202474,5.724756868,10.46476673,10.26478615,5.667286507,10.09516672,3.288260082,3.332161186,1.273357736,6.619565627,3.494722069,4.789536181,7.527253414,7.272183496,10.15603332,6.159565566,8.236707626,7.696444245,13.41101011,3.215303954,13.90417599,2.767668276,3.221568297,20.15865547
ET0359S116,9.600268766,7.340247944,10.86361577,6.074976631,1.382288996,6.567676429,Rousettus aegyptiacus,Clock_40_DNA_0014_Plate_1,1,,ET0359.ChicagoCBrookBat.m40k,H5,2.08142E+11,R04C01,S1_16,DNA,5.9,50,female,wing punch,Rousettus madagascariensis,,,FALSE,208141550004_R04C01,,,,208141550004/208141550004_R04C01,4,1,,female,Skin,female,22.9,1,0.317808219,29.77,,0.368642488,FALSE,FALSE,FALSE,0.197160996,0.311023091,0.295088081,0.746709932,0.77301771,1.636980978,7.227471473,3.876713707,0.115805739,0.099770618,0.418580212,4.146363949,0.255849639,3.825929217,0.403545139,0.658847516,0.764528182,0.276384193,-0.044176725,11.08225313,0.563100533,0.053568697,0.465947538,0.25947371,2.365113942,0.021556056,0.263917617,0.926623414,0.36804705,1.044064615,1.476092648,1.732471739,0.718680528,-0.003837953,-0.036647191,0.825195831,-0.021826875,0.69174795,-0.055717084,6.457512454,6.54874774,7.632245031,6.371864973,8.172913069,10.46476673,15.5215845,8.850080043,12.42985325,4.196814298,2.187961768,0.415185782,5.19685506,2.861317139,5.782649822,7.208144192,14.94743342,13.10942484,5.553202357,10.38704044,9.491289163,16.30479678,2.430157442,9.661891583,5.355724063,0.165046244,9.651253506
ET0359S117,6.439946884,6.410290058,4.915477985,4.53236659,2.024616605,2.816939319,Rousettus aegyptiacus,Clock_40_DNA_0014_Plate_1,1,,ET0359.ChicagoCBrookBat.m40k,A6,2.08142E+11,R05C01,S1_17,DNA,8.4,50,male,wing punch,Rousettus madagascariensis,,,FALSE,208141550004_R05C01,,,,208141550004/208141550004_R05C01,5,1,,female,Skin,female,22.9,1,0.317808219,29.77,,0.381317569,FALSE,FALSE,FALSE,0.551428812,0.227324859,0.150995464,0.097438533,0.832309413,1.831876175,5.796789497,2.493711392,-0.021266958,0.043064331,1.483549252,3.477191058,0.344484815,4.74969385,0.091345911,0.329678302,1.42803096,0.271345192,-0.022293394,8.993025992,0.181449553,0.018311382,0.32503616,0.526655075,1.641346578,0.099171892,0.213579475,0.639203818,0.323595232,0.381867596,2.08455138,0.724957662,0.05533171,-0.013146142,-0.058967724,0.048839839,0.179508713,0.086626215,-0.055043753,5.395940805,6.409501013,6.510454135,4.235537833,5.539589087,10.46476673,26.43142696,5.519113468,10.1417932,3.157209176,1.989579071,1.000780063,5.293719838,2.478594731,4.165881448,6.573538268,8.486657259,12.15870707,3.360010826,11.18705548,4.458048645,10.23513848,0.85759523,9.224852856,3.495985286,0.723854952,4.94512704
ET0359S118,5.397111028,5.992679567,3.551361377,4.116757277,0.883897223,2.436335276,Pteropus hypomelanus,Clock_40_DNA_0014_Plate_1,1,,ET0359.ChicagoCBrookBat.m40k,B6,2.08142E+11,R06C01,S1_18,DNA,18,50,female,wing punch,Pteropus rufus,,,FALSE,208141550004_R06C01,,,,208141550004/208141550004_R06C01,6,1,,female,Skin,female,26.5,1,0.534246575,34.45,,0.355727752,FALSE,FALSE,FALSE,2.143397698,0.275419565,0.195692537,0.133987205,0.861531908,1.011302945,4.051420032,1.853608787,-0.049791586,-0.017093138,2.395834798,2.876753982,0.500670829,2.820413633,0.040759912,0.054497593,1.131877823,0.322716327,0.129572491,8.304277821,0.064217081,-0.032726346,0.035328739,0.710631026,3.461581691,0.107618306,0.089553154,0.574148512,0.277697571,0.277646648,2.113724927,1.530111908,-0.049775077,-0.052710636,-0.056242959,-0.024088811,-0.035828295,0.010626636,-0.057731145,2.523910131,4.233991494,4.690180727,2.285357058,2.905742076,10.46476673,22.63893031,4.415666381,8.176628373,2.360490494,2.44503206,0.840329083,3.635548347,1.541644216,2.516788069,4.855582398,3.850942715,10.50661172,4.951337192,8.260295037,2.92242528,3.611872392,0.152223926,5.102432219,3.736209482,2.679429132,3.728006061
ET0359S119,7.336494104,5.091550393,5.132291457,4.139626245,3.083092538,2.380946182,Eidolon helvum,Clock_40_DNA_0014_Plate_1,1,,ET0359.ChicagoCBrookBat.m40k,C6,2.08142E+11,R01C02,S1_19,DNA,19,50,female,wing punch,Eidolon dupreanum,,,FALSE,208141550004_R01C02,,,,208141550004/208141550004_R01C02,1,2,,female,Skin,female,21.8,1.75000274,0.753424658,28.34,,0.434015018,FALSE,FALSE,FALSE,0.598005314,0.396012039,0.214521937,0.036617475,0.674049075,2.351500883,7.403275019,3.97685254,-0.040332835,0.081369095,1.57912598,3.526042479,0.157306061,5.80433768,0.923753388,0.199184831,0.913911716,0.20806857,0.007375649,7.342882624,0.427910007,0.056572948,0.219704211,0.684173349,1.76364263,0.06865458,0.356628506,0.761394906,0.239484081,0.066742611,2.382672179,2.181266193,0.097944604,0.257878825,-0.059571701,-0.006025285,0.189661678,0.073676077,-0.056437715,5.221072039,5.101538561,5.690857693,3.567521809,7.812742579,10.46476673,24.1132201,5.992654188,13.46897216,2.381866268,1.920952451,0.535702228,6.160095418,2.052032504,3.711744954,7.077162963,7.035011286,12.43130673,3.39925143,9.170307111,5.38852166,5.309751574,1.391514997,16.13378993,2.997086267,2.323125764,7.47288983
ET0359S12,1.936607711,2.664866107,9.631643288,2.74313427,5.505115974,3.324096262,Pteropus vampyrus,Clock_40_DNA_0014_Plate_1,1,,ET0359.ChicagoCBrookBat.m40k,B4,2.08142E+11,R02C01,S1_2,DNA,98,50,female,muscle,Pteropus rufus,,,FALSE,208141550022_R02C01,,,,208141550022/208141550022_R02C01,2,1,,female,Skin,female,24,2,0.454794521,31.2,,0.320125686,TRUE,FALSE,TRUE,1.209257714,0.569549163,0.233490657,0.011833801,0.91940524,0.846959772,6.189937813,2.855501242,-0.027013158,-0.013184556,2.375554964,2.518497809,0.492595523,1.688029651,0.102564449,0.11380049,0.079712832,0.686776879,-0.045466805,3.897773849,0.091945789,0.029681961,-0.011267569,2.130181273,0.826814907,0.306695142,0.023139171,0.430115693,0.302270716,0.408931524,1.023035292,2.162438491,-0.052429694,-0.057778155,-0.059876713,-0.02989645,-0.006093575,0.066032405,-0.053878038,2.506610588,10.25019971,4.231457164,4.571483504,4.898374185,10.46476673,30.13275208,3.972316502,3.662890508,3.362390946,2.498107359,1.402842973,3.452501697,2.427331046,1.846417082,15.88134697,6.260868797,9.9814287,2.604628076,8.31299196,5.399047169,1.974471322,-0.11037372,6.097183481,3.497612098,0.152867261,9.025527843
ET0359S120,6.493821239,5.277778607,4.209409837,4.794192998,0.496297579,3.363237432,Pteropus hypomelanus,Clock_40_DNA_0014_Plate_1,1,,ET0359.ChicagoCBrookBat.m40k,D6,2.08142E+11,R02C02,S1_20,DNA,6.8,50,male,wing punch,Pteropus rufus,,,FALSE,208141550004_R02C02,,,,208141550004/208141550004_R02C02,2,2,,male,Skin,male,26.5,1,0.534246575,34.45,,0.343265697,FALSE,FALSE,FALSE,2.07249727,0.245418061,0.155427207,0.122093367,0.85082724,1.108541712,4.200198099,1.581996179,-0.014821447,0.000808041,2.87047338,2.964900067,0.644222215,3.253261411,0.047083705,0.043108357,1.084988677,0.258640311,0.195015441,9.423801458,0.086631649,-0.030991739,0.091589601,0.806592388,3.950499228,0.245664326,0.056579321,0.472097379,0.284565346,0.918298183,2.094420798,2.145453392,-0.042038537,-0.054747648,-0.056855323,-0.022515445,-0.046930394,0.056339168,-0.058230716,3.010773614,3.667232104,5.425150836,2.581204396,3.532523981,10.46476673,24.8352017,5.59988352,10.00275338,2.452723859,2.368361558,0.910088125,4.097555911,1.854030282,2.73277052,4.506604493,5.931603793,9.018949149,5.307893916,8.383566694,4.948568856,4.877011608,0.021436233,5.821072303,3.726705869,2.960535746,4.679509415
ET0359S121,9.475338027,9.538741138,6.025854474,8.368262481,2.63029662,7.261685051,Rousettus aegyptiacus,Clock_40_DNA_0014_Plate_1,1,,ET0359.ChicagoCBrookBat.m40k,E6,2.08142E+11,R03C02,S1_21,DNA,6.3,50,male,wing punch,Rousettus madagascariensis,,,FALSE,208141550004_R03C02,,,,208141550004/208141550004_R03C02,3,2,,female,Skin,male,22.9,1,0.317808219,29.77,,0.39162273,FALSE,FALSE,FALSE,0.892551855,0.198589115,0.130355413,0.168361711,0.659597432,1.452916029,7.05776435,3.083830353,-0.013820293,0.034485334,1.702932249,3.9624555,0.453104955,4.285143834,0.930697518,0.629290447,1.332697602,0.198736627,-0.02303336,10.79870928,0.215426319,0.004475678,0.200393411,0.531025209,1.87104062,0.094442056,0.078012533,0.757640887,0.290930902,0.241128587,1.087837089,0.735051759,0.157035892,-0.01515728,-0.058788677,0.054857012,0.063105055,0.10500038,-0.055044151,9.099051709,9.310086924,6.471764393,6.177581874,6.181396437,10.46476673,20.70474107,7.682216796,10.8186964,4.771398423,2.869628027,1.86876516,6.871831294,3.223446746,6.682714344,7.904525255,15.40248917,14.3413286,2.54149092,14.45372984,8.453713106,21.2712703,2.93981479,9.06475019,4.235251892,0.373371832,7.011217142
ET0359S122,8.579282763,3.862388484,8.483324164,6.184707755,2.226679905,3.681526439,Eidolon helvum,Clock_40_DNA_0014_Plate_1,1,,ET0359.ChicagoCBrookBat.m40k,F6,2.08142E+11,R04C02,S1_22,DNA,5.9,50,female,wing punch,Eidolon dupreanum,,,FALSE,208141550004_R04C02,,,,208141550004/208141550004_R04C02,4,2,,female,Skin,female,21.8,1.75000274,0.753424658,28.34,,0.329285828,FALSE,FALSE,FALSE,2.424954646,0.363816766,0.267785983,0.026644597,0.646105312,2.200049804,6.489833246,4.163128913,-0.026254621,0.021048698,2.097161144,3.256739326,0.424817521,6.142652416,0.453728497,0.235127373,1.595643585,0.14732367,0.020545325,6.209682976,0.341595695,0.182073986,0.179656376,0.928910182,1.983011215,0.089567423,0.081794988,0.636120613,0.14077091,0.079541452,1.967394396,1.263698382,0.254118915,1.812253024,-0.059434446,0.006999909,0.16670654,0.055352371,-0.053961021,4.726115399,5.966596751,7.551670206,4.754354018,9.777839532,10.46476673,22.84665539,6.932083902,11.17753006,3.237978614,2.653474557,0.892987236,6.581193518,2.414132254,3.908012998,7.048645661,9.423354852,11.90648211,3.037948988,8.547822691,7.555358024,8.937833868,1.900810889,19.1904903,3.557276742,2.203462259,13.61410653
ET0359S123,10.83282035,9.38679091,11.44509814,7.923706887,3.091989239,9.317559452,Pteropus pumilus,Clock_40_DNA_0014_Plate_1,1,,ET0359.ChicagoCBrookBat.m40k,G6,2.08142E+11,R05C02,S1_23,DNA,21,50,female,wing punch,Pteropus rufus,,,FALSE,208141550004_R05C02,,,,208141550004/208141550004_R05C02,5,2,,female,Skin,female,17.3,0.75,0.328767123,22.49,,0.537466049,FALSE,TRUE,FALSE,2.370709138,0.388176325,0.304273376,0.063795731,0.611465416,0.517285687,4.943219695,2.64543783,0.018858409,0.038183445,2.667362966,3.69963147,0.878922434,4.118119501,1.715115377,0.216667883,1.513747467,0.198486951,0.153006694,9.315453692,0.201722351,0.020730859,0.094640212,1.393196529,3.128049135,0.452456881,0.264104272,1.122947411,0.502472533,1.571467496,2.171554627,3.365086106,-0.04086819,-0.053841755,-0.053318983,0.073478372,-0.04257982,0.178115413,-0.057768199,5.369684818,7.928881581,16.73172471,4.449326608,4.160713855,10.46476673,31.71721217,6.361248496,9.165831521,4.275741816,3.131151162,1.801733635,6.315715803,3.139579812,4.109793478,6.355323268,13.42752852,10.6583904,11.39745341,11.57268538,9.372155628,13.37346442,1.453615358,7.091821722,4.681109833,3.233640068,12.37726071
ET0359S124,6.725395638,2.821379381,6.587860058,3.669147076,2.874749665,2.106170576,Rousettus aegyptiacus,Clock_40_DNA_0014_Plate_1,1,,ET0359.ChicagoCBrookBat.m40k,H6,2.08142E+11,R06C02,S1_24,DNA,69,50,male,muscle,Eidolon dupreanum,,,FALSE,208141550004_R06C02,,,,208141550004/208141550004_R06C02,6,2,,male,Skin,male,22.9,1,0.317808219,29.77,,0.32973851,TRUE,FALSE,FALSE,2.136219837,0.300738714,0.191659907,-0.025559838,1.015690262,1.634147036,4.526165991,1.848091416,-0.050068972,0.015274422,1.971116612,2.486060995,0.180738976,4.903940583,0.223156293,0.526595797,0.197486881,0.274842532,-0.047105437,6.156641071,0.209876017,-0.027047654,0.072100662,1.152167675,0.660425756,0.184558367,0.994699302,0.455181344,0.105130548,-0.040278465,0.457627921,0.066723705,-0.044165024,-0.040282138,-0.059748725,0.13213769,0.296702564,-0.02199296,-0.045424209,3.058957251,6.733335628,3.86217054,8.542274832,5.851208055,10.46476673,30.61951648,2.971021951,7.738898492,3.30278762,1.024072723,0.065714055,5.720108522,1.789831657,2.598206272,10.95052772,4.681046833,8.615239434,3.460162295,6.528967168,3.285963006,4.25336755,1.484587581,18.03548007,2.444878079,0.308199179,12.24546614
ET0359S125,3.292518683,2.041341917,2.618605588,1.843747637,1.26556775,1.403001904,Eidolon helvum,Clock_40_DNA_0014_Plate_1,1,,ET0359.ChicagoCBrookBat.m40k,A7,2.08142E+11,R01C01,S1_25,DNA,20,50,female,wing punch,Eidolon dupreanum,,,FALSE,208141550013_R01C01,,,,208141550013/208141550013_R01C01,1,1,,female,Skin,female,21.8,1.75000274,0.753424658,28.34,,0.341614741,FALSE,FALSE,FALSE,1.976618442,0.292741583,0.195395927,0.003937387,0.629921579,1.95849245,4.890474295,2.679565559,-0.032226094,0.006146176,1.518023529,3.059034651,0.231535372,5.657745375,1.618482649,0.133575208,1.752904295,0.154098615,0.031564251,5.293157558,0.18708704,0.162320098,0.10599024,0.749435248,2.064883956,0.082404136,0.085262616,0.382619303,0.085886721,0.006461499,2.028044106,0.546272675,0.078026816,0.379789049,-0.059585053,-0.005108836,0.107862665,0.02392038,-0.056702348,4.264358448,4.063898579,4.024182982,3.594157077,6.740866589,10.46476673,26.03224911,4.445319719,8.710321108,2.702530098,1.926522122,0.440274825,5.61831157,1.891754519,2.929380006,5.200880793,5.397571409,9.916039953,1.599680594,6.830994944,3.77557821,7.462478064,1.837927068,18.5460946,2.66874969,2.286650173,8.723360958
ET0359S126,7.158706067,4.023803281,5.706824369,5.277890426,1.966124491,2.95781668,Eidolon helvum,Clock_40_DNA_0014_Plate_1,1,,ET0359.ChicagoCBrookBat.m40k,B7,2.08142E+11,R02C01,S1_26,DNA,15,50,male,wing punch,Eidolon dupreanum,,,FALSE,208141550013_R02C01,,,,208141550013/208141550013_R02C01,2,1,,male,Skin,male,21.8,1.75000274,0.753424658,28.34,,0.364887895,FALSE,FALSE,FALSE,1.822717866,0.297428012,0.231736281,0.024579816,0.743119874,2.088106191,6.173736508,4.052344879,-0.023709905,0.019178135,1.89508518,3.068034611,0.352809418,6.013144762,0.501310743,0.143112317,1.808617393,0.177033299,0.06910361,6.407172304,0.517861668,0.12945223,0.179323309,0.684240318,2.062034899,0.081238105,0.180960565,0.586270941,0.180875533,0.047510524,1.724566849,1.479660872,0.174742264,1.297824471,-0.059363653,0.050526415,0.175336724,0.062588806,-0.055141311,4.353994315,5.063468755,5.815098627,4.468049456,7.370597657,10.46476673,22.60746762,6.526539636,10.51738086,2.7609611,2.287212421,0.59266716,5.648523303,1.899714313,3.308535879,6.174673534,7.38289269,11.35270103,3.847771681,8.631019844,6.504341146,7.275823047,1.565719366,16.65670763,2.881063355,2.061480978,7.207309759
ET0359S127,2.971835111,5.011534649,2.470937928,2.51238391,0.652927763,1.976355226,Rousettus aegyptiacus,Clock_40_DNA_0014_Plate_1,1,,ET0359.ChicagoCBrookBat.m40k,C7,2.08142E+11,R03C01,S1_27,DNA,5.8,50,male,wing punch,Rousettus madagascariensis,,,FALSE,208141550013_R03C01,,,,208141550013/208141550013_R03C01,3,1,,male,Skin,male,22.9,1,0.317808219,29.77,,0.419768866,FALSE,FALSE,FALSE,0.593387409,0.170577556,0.082757455,0.085970445,0.721010095,1.678641188,4.345483775,1.826635508,-0.046038335,-0.013475854,1.576579467,3.989771363,0.276327131,4.197148582,0.362164116,0.385167597,1.354895166,0.23628622,-0.031823229,10.78906854,0.365149431,0.00705625,0.1567816,0.234224824,2.071748171,0.021659114,0.010263705,0.545129132,0.21020069,0.061502223,1.338286576,0.34436039,-0.001986703,-0.056070212,-0.059183392,-0.010323295,-0.004268259,0.026767567,-0.056732073,4.574054649,4.848150827,1.889968544,4.405697002,3.339649006,10.46476673,18.06640517,3.819684612,6.984155095,2.684863275,1.669357483,0.775534283,4.076117285,2.767755217,3.697998363,6.73053298,5.078019967,11.43204831,1.731862844,9.182555565,2.612080785,12.43326305,1.573008651,6.116707628,2.832435744,-0.07771855,2.345117893
ET0359S128,2.268443848,3.122636265,0.904569271,2.286359102,0.48734414,1.119928976,Pteropus pumilus,Clock_40_DNA_0014_Plate_1,1,,ET0359.ChicagoCBrookBat.m40k,D7,2.08142E+11,R04C01,S1_28,DNA,13,50,male,wing punch,Pteropus rufus,,,FALSE,208141550013_R04C01,,,,208141550013/208141550013_R04C01,4,1,,male,Skin,male,17.3,0.75,0.328767123,22.49,,0.364754753,FALSE,FALSE,FALSE,1.76940922,0.276515624,0.135187682,0.15781529,0.910681491,0.940695459,4.062446994,0.880345097,-0.019687725,-0.012167986,2.476397751,2.643820184,0.408412831,2.34388183,0.033124059,0.027662529,0.819811979,0.249157839,0.095329957,8.947224146,0.039508456,-0.034697442,0.029187776,0.604873454,3.233156618,0.139604143,0.095133443,0.513262114,0.197072247,0.620187885,1.948464528,1.660719032,-0.049605028,-0.057966807,-0.058127055,-0.021601999,-0.027017226,0.01357607,-0.057819884,2.857861787,3.880384015,2.820956481,2.498456402,2.855478486,10.46476673,22.25139954,4.86623402,7.199520581,2.330305746,2.397219928,1.179521388,3.909445558,1.833868146,2.774374575,4.186540847,3.384303174,9.305991702,4.105709731,7.163613436,2.488970225,4.774778589,0.468595779,5.765727371,3.616343976,2.215872338,2.498262938
ET0359S129,8.970624845,8.215992557,8.35931238,8.286184698,2.354056072,6.873328288,Rousettus aegyptiacus,Clock_40_DNA_0014_Plate_1,1,,ET0359.ChicagoCBrookBat.m40k,E7,2.08142E+11,R05C01,S1_29,DNA,4.21,50,male,wing punch,Rousettus madagascariensis,,,FALSE,208141550013_R05C01,,,,208141550013/208141550013_R05C01,5,1,,male,Skin,male,22.9,1,0.317808219,29.77,,0.471134899,FALSE,FALSE,FALSE,0.720183612,0.257125093,0.111694265,0.213649061,0.728534366,2.213000463,6.762817098,2.651505171,-0.046245508,-0.018242071,1.097512853,4.184807315,0.392689965,4.845260395,0.901088073,0.812868397,1.408205119,0.281469282,-0.03187951,11.27961792,0.354910557,0.004595725,0.402273513,0.334162738,1.912155415,0.118645898,0.086331082,0.772922882,0.462915847,0.140073162,0.988694218,0.843159307,0.461439169,-0.029636712,-0.058781899,0.027942483,0.031891375,0.092112997,-0.055022061,9.643132501,10.6712443,5.812585051,6.044521164,6.108086242,10.46476673,25.59160988,6.258736686,11.40645127,4.466703345,3.068231106,1.90243321,6.696561409,3.51730994,7.353751071,10.22234146,11.46343371,16.32414091,2.929901093,12.6970401,6.961901428,21.59855805,2.975638555,7.180201818,4.281086026,0.561757141,8.346303577
ET0359S13,4.692188878,3.392161397,4.062572378,2.919854774,2.077179345,1.30177221,Eidolon helvum,Clock_40_DNA_0014_Plate_1,1,,ET0359.ChicagoCBrookBat.m40k,C4,2.08142E+11,R03C01,S1_3,DNA,32,50,female,wing punch,Eidolon dupreanum,,,FALSE,208141550022_R03C01,,,,208141550022/208141550022_R03C01,3,1,,female,Skin,female,21.8,1.75000274,0.753424658,28.34,,0.321829898,FALSE,FALSE,FALSE,1.840853443,0.340565061,0.199756179,0.008667613,0.697716299,2.107766648,6.27469555,3.867633468,-0.03811715,-0.000966462,2.142838846,3.013750799,0.27159563,5.646879378,0.741342038,0.193365305,1.48304347,0.170982577,0.016153635,4.534615518,0.168029439,0.161198909,0.120898513,0.738295772,2.312456165,0.040746314,0.108971419,0.471806395,0.141785084,0.072211557,1.799195055,1.10228599,0.095772134,1.72878931,-0.059060861,-0.000478898,0.2300548,0.028933879,-0.055408898,4.411068057,5.529876568,4.484937105,4.290976691,7.816294208,10.46476673,23.05158473,5.977188627,10.00167068,3.274700616,2.655137684,0.865055598,6.149054464,2.09132961,3.365640412,6.204299621,7.714414141,11.38141307,1.403458865,8.258190857,5.234570713,6.811424848,1.743373277,19.35815557,2.728480034,2.451358952,8.939633132
ET0359S130,4.449621609,5.951220573,3.921613501,3.289535426,1.052552817,2.895801843,Rousettus aegyptiacus,Clock_40_DNA_0014_Plate_1,1,,ET0359.ChicagoCBrookBat.m40k,F7,2.08142E+11,R06C01,S1_30,DNA,12,50,female,wing punch,Rousettus madagascariensis,,,FALSE,208141550013_R06C01,,,,208141550013/208141550013_R06C01,6,1,,female,Skin,female,22.9,1,0.317808219,29.77,,0.466102146,FALSE,FALSE,FALSE,0.880122933,0.185569273,0.055038025,0.14414809,0.688595083,1.43596869,5.595362044,1.418870587,-0.052982443,-0.028185238,1.068481905,3.896636254,0.168564752,3.907369481,0.322202345,0.386170039,1.566373324,0.281835768,-0.031364935,8.718683186,0.343836994,-0.00612164,0.136971744,0.261953447,1.159210249,0.040408746,0.02213053,0.619504128,0.200811833,0.030009057,0.756407769,0.669443753,-0.018955998,-0.055220079,-0.059622668,0.009030224,0.028373558,0.016931905,-0.056023354,5.625024618,5.141204467,3.390332355,4.937900662,3.455675044,10.46476673,22.46171667,3.398499567,8.147320779,3.344665554,1.757978661,1.129399464,4.343025666,2.983856214,3.51330088,6.522255183,4.896111672,11.72760437,2.572223209,9.195412895,3.279611775,10.825418,1.891541853,6.115417505,2.892757699,-0.288015396,3.365670865
ET0359S131,6.794589675,3.806252413,5.255508295,4.633470228,2.374052037,2.299477918,Eidolon helvum,Clock_40_DNA_0014_Plate_1,1,,ET0359.ChicagoCBrookBat.m40k,G7,2.08142E+11,R01C02,S1_31,DNA,22,50,male,wing punch,Eidolon dupreanum,,,FALSE,208141550013_R01C02,,,,208141550013/208141550013_R01C02,1,2,,male,Skin,male,21.8,1.75000274,0.753424658,28.34,,0.329605368,FALSE,FALSE,FALSE,2.264447491,0.360039078,0.213846627,0.012064701,0.688169477,2.181142791,5.909781875,3.505074266,-0.043603539,0.013138783,1.882392856,3.013563698,0.382323163,6.163588292,0.224732587,0.188124015,1.625527844,0.184230238,-0.000212887,4.742295601,0.158208704,0.125729732,0.131435471,0.900703195,1.953608847,0.114552271,0.094547326,0.551659166,0.160206548,0.032702049,1.846541554,1.090667238,0.080227017,0.686654566,-0.0596316,0.012033753,0.220717796,0.024431044,-0.05445607,5.090334268,5.28154851,6.127206082,3.686426994,7.208296121,10.46476673,23.71075231,5.695189592,10.10734645,2.840634979,2.293707452,0.374076142,6.303580787,2.091261627,3.479334608,7.563554473,7.018443655,10.6385993,2.272663757,7.588850195,5.719270577,8.159346504,1.65004167,18.70066864,2.843554812,2.183390899,10.32095117
ET0359S132,5.113749764,7.535611025,5.016672596,4.098728792,1.641574433,4.308605722,Rousettus aegyptiacus,Clock_40_DNA_0014_Plate_1,1,,ET0359.ChicagoCBrookBat.m40k,H7,2.08142E+11,R02C02,S1_32,DNA,6.6,50,male,wing punch,Rousettus madagascariensis,,,FALSE,208141550013_R02C02,,,,208141550013/208141550013_R02C02,2,2,,male,Skin,male,22.9,1,0.317808219,29.77,,0.38432657,FALSE,FALSE,FALSE,0.51778631,0.178929647,0.118500991,0.104407663,0.724245451,1.484524013,5.767194465,2.550333076,-0.048545937,-0.02241785,1.510604532,3.79271896,0.318001789,4.801799235,0.270516088,0.600540666,1.814829597,0.224924848,-0.018135357,9.573764757,0.212973713,0.00547789,0.18198458,0.272159082,2.063584571,0.112906237,0.138964982,0.593343392,0.410419624,0.159328552,1.169905949,0.872318182,0.263313495,-0.039065275,-0.05904867,0.006930647,0.095310914,0.098235729,-0.055545467,7.82214442,6.997595647,3.131324311,4.850224597,4.563322127,10.46476673,24.87971065,5.771770691,10.41382034,3.669042869,2.801097397,1.287735582,5.237754222,2.745249578,5.791337276,7.878554009,8.691742973,13.32478734,1.788573534,11.89065663,5.607766648,14.91131699,1.652062812,6.936265771,3.604275331,0.275080331,3.47400579
ET0359S133,10.58210154,7.514686114,7.357593717,5.180982451,0.935648396,5.963209041,Pteropus hypomelanus,Clock_40_DNA_0014_Plate_1,1,,ET0359.ChicagoCBrookBat.m40k,A8,2.08142E+11,R03C02,S1_33,DNA,12,50,male,wing punch,Pteropus rufus,,,FALSE,208141550013_R03C02,,,,208141550013/208141550013_R03C02,3,2,,male,Skin,male,26.5,1,0.534246575,34.45,,0.355807637,FALSE,FALSE,FALSE,1.791132075,0.287914817,0.175443118,0.215356859,0.774251472,0.548442417,6.478483134,2.384592228,0.025640891,0.180169463,3.485832169,2.933913501,0.98333695,4.086706184,-0.009395578,0.080353634,0.853418622,0.272391596,0.12376971,8.236622341,0.470702461,-0.00966054,0.184556783,1.577879065,3.824574174,0.483683565,0.014384944,0.353346662,0.323715754,1.327925969,1.851126446,0.531488403,-0.041802321,-0.045269324,-0.057891723,-0.049807759,-0.027746902,0.004920755,-0.057066356,4.080904445,6.47431844,9.736504579,3.624387706,4.269791077,10.46476673,24.02394794,5.921774693,10.26901638,3.117084575,1.839504043,1.077896307,5.142427748,2.022421518,3.402406631,3.941510121,10.04415629,9.041585412,9.311364304,11.70005372,7.050332052,6.962944876,-0.076392976,5.768193566,5.283829902,3.497721891,6.61341497
ET0359S134,4.98477396,2.499548527,3.536830383,3.004242114,1.718780657,1.915981339,Eidolon helvum,Clock_40_DNA_0014_Plate_1,1,,ET0359.ChicagoCBrookBat.m40k,B8,2.08142E+11,R04C02,S1_34,DNA,11,50,male,wing punch,Eidolon dupreanum,,,FALSE,208141550013_R04C02,,,,208141550013/208141550013_R04C02,4,2,,male,Skin,male,21.8,1.75000274,0.753424658,28.34,,0.377909144,FALSE,FALSE,FALSE,1.879193372,0.263141372,0.185355447,0.003419764,0.589498457,1.748315802,5.344495981,3.37497443,-0.033883905,0.013622449,1.967734849,2.902987905,0.379704743,5.890555943,0.20929382,0.156178612,1.337136256,0.138622288,0.019331852,5.063634453,0.282553207,0.162230598,0.125958456,0.742085129,2.356223875,0.067970177,0.050838862,0.637614351,0.110370745,0.000862466,1.640514273,0.58847744,0.170436899,1.143900233,-0.059356009,0.01093598,0.116201241,0.007536077,-0.056101197,4.24255636,4.441449308,5.399393636,3.830267167,7.140845111,10.46476673,17.40389021,5.176376365,9.678229264,2.474225011,1.878297239,0.296202064,5.56621558,2.052443861,2.850820074,5.973342455,6.318113238,9.61358755,2.162479082,6.305195072,4.077505104,7.119978149,1.594491688,19.07176574,2.810824404,2.216262466,9.341677998
ET0359S135,13.80822327,7.403777461,14.0243751,11.83882268,7.126391266,9.462930749,Eidolon helvum,Clock_40_DNA_0014_Plate_1,1,,ET0359.ChicagoCBrookBat.m40k,C8,2.08142E+11,R05C02,S1_35,DNA,8.5,50,male,wing punch,Eidolon dupreanum,,,FALSE,208141550013_R05C02,,,,208141550013/208141550013_R05C02,5,2,,male,Skin,male,21.8,1.75000274,0.753424658,28.34,,0.347206689,FALSE,FALSE,FALSE,2.632652938,0.372859082,0.306302706,0.052327826,0.695291634,2.643196727,6.883999945,5.400373524,-0.021863647,0.099150479,2.569800966,3.482958307,0.559795539,6.82513629,0.190914714,0.215988051,1.889747069,0.137151048,0.03047458,7.056537276,0.905283848,0.159074364,0.30004135,1.189679821,2.413005891,0.130152716,0.589687049,0.910272877,0.312374943,0.300313472,2.682011362,2.910846857,0.805151685,4.287199945,-0.059403929,0.234727536,0.101122593,0.535873336,-0.056196116,4.695087873,6.697060431,10.78919961,6.097065676,14.82290761,10.46476673,26.48450735,12.21000945,14.99057049,3.484809901,3.607353184,0.964613401,6.217060088,2.362971361,5.4717484,8.659415496,17.39097436,15.50819334,5.726534425,11.06537101,11.46605682,10.87441562,1.935095367,22.41190608,4.612139276,2.38964271,19.22212817
ET0359S136,1.469995751,1.81762994,0.393310675,1.137205271,0.234692462,0.596765739,Pteropus pumilus,Clock_40_DNA_0014_Plate_1,1,,ET0359.ChicagoCBrookBat.m40k,D8,2.08142E+11,R06C02,S1_36,DNA,15,50,male,wing punch,Pteropus rufus,,,FALSE,208141550013_R06C02,,,,208141550013/208141550013_R06C02,6,2,,male,Skin,male,17.3,0.75,0.328767123,22.49,,0.383580977,FALSE,FALSE,FALSE,1.849214393,0.231035968,0.114692766,0.139303146,0.803847584,1.265836268,3.090825841,1.401041475,0.031766738,-0.006865149,2.059805306,2.650325669,0.328165822,1.970865361,0.0292458,0.01129331,0.950091524,0.306199006,0.079222954,7.578992686,0.052140108,-0.039142657,0.008940236,0.464439179,2.600012443,0.04324171,0.073127353,0.601987608,0.111525634,0.425772155,1.319126264,1.575646694,-0.054346523,-0.057991643,-0.057033623,-0.020630109,-0.025468688,-0.021234372,-0.057365275,1.96200043,2.645280889,1.810167113,2.154600508,2.168133177,10.46476673,19.49599151,3.734341827,5.391482308,1.758008799,1.931164437,0.659957054,3.144927715,1.478641185,1.764226273,3.73617325,2.116838992,8.770290727,2.45303604,5.746656139,1.395407201,3.584135332,-0.1866004,5.27551822,2.398335895,1.489627572,1.522189235
ET0359S14,3.19651498,0.921107464,4.554831432,1.131383369,2.359202529,1.116249749,Rousettus aegyptiacus,Clock_40_DNA_0014_Plate_1,1,,ET0359.ChicagoCBrookBat.m40k,D4,2.08142E+11,R04C01,S1_4,DNA,35,50,male,muscle,Eidolon dupreanum,,,FALSE,208141550022_R04C01,,,,208141550022/208141550022_R04C01,4,1,,male,Skin,male,22.9,1,0.317808219,29.77,,0.359029664,TRUE,FALSE,FALSE,1.480064107,0.324193117,0.12308185,-0.035061048,0.811888743,1.70120052,4.223409347,1.140969353,-0.050350334,-0.030679773,1.810271541,2.157284356,0.117175611,3.679446725,0.614512415,0.320378962,0.131934316,0.256625896,-0.047544968,5.329408618,0.086177985,-0.041149642,-0.007173805,1.152525599,0.225003569,0.170571689,0.148722154,0.311700706,0.079413955,-0.040600647,0.472327342,0.036666032,-0.049063809,-0.041208529,-0.059784423,0.043871725,0.319302691,-0.028026924,-0.039501034,2.957780949,6.671412021,2.661765057,7.765215026,4.06870759,10.46476673,28.83737489,2.511884741,8.192541784,2.691649599,0.966297658,0.217923267,5.629566235,2.119255322,1.986209146,10.38913917,3.651872041,8.534802311,2.668342217,6.029042049,2.255997933,3.289642368,1.048785488,18.09990524,2.073273063,0.24500698,11.92148787
ET0359S15,6.633527661,3.615978746,6.434628668,5.021979446,2.254691306,3.267280341,Eidolon helvum,Clock_40_DNA_0014_Plate_1,1,,ET0359.ChicagoCBrookBat.m40k,E4,2.08142E+11,R05C01,S1_5,DNA,11,50,male,wing punch,Eidolon dupreanum,,,FALSE,208141550022_R05C01,,,,208141550022/208141550022_R05C01,5,1,,male,Skin,male,21.8,1.75000274,0.753424658,28.34,,0.369494594,FALSE,FALSE,FALSE,2.38102598,0.308676631,0.198460334,0.00949732,0.670677186,2.108237789,5.491618847,3.944700369,0.008196113,0.017461227,2.199290341,3.158012809,0.416602351,5.482636054,0.472682805,0.112747209,1.055275682,0.145431416,-0.001500532,6.070863791,0.41563647,0.167685296,0.112984143,1.028902686,1.930113809,0.076740082,0.352743092,0.846633088,0.13534484,0.076065339,2.032944651,0.845166766,0.152046114,1.734516918,-0.058819066,0.054660719,0.211370191,0.037686521,-0.055239187,4.105686348,4.440115444,6.964968251,3.948522961,8.255521656,10.46476673,21.94478111,6.03896077,10.08152715,2.701069265,2.332277134,0.448282787,5.622298573,2.16166794,2.929472743,6.115964571,8.01196138,11.34216894,3.318616155,7.489274822,4.908395783,8.650029569,1.642900853,19.22773855,3.206754081,2.053038204,10.6383495
ET0359S16,5.123848537,4.470960917,2.3132503,4.180701911,3.372484259,1.749854474,Eidolon helvum,Clock_40_DNA_0014_Plate_1,1,,ET0359.ChicagoCBrookBat.m40k,F4,2.08142E+11,R06C01,S1_6,DNA,17,50,female,wing punch,Eidolon dupreanum,,,FALSE,208141550022_R06C01,,,,208141550022/208141550022_R06C01,6,1,,female,Skin,female,21.8,1.75000274,0.753424658,28.34,,0.466687969,FALSE,FALSE,FALSE,1.470241608,0.407633564,0.199541341,0.024782078,0.819936501,2.004223268,5.190560932,2.598996999,-0.040737263,-0.01514513,0.872307002,2.987207385,0.11594158,4.607348405,0.190519031,0.224980287,2.463370894,0.276286324,0.020689498,7.40551583,0.049241876,0.069298284,0.131498357,0.46319027,2.265587698,0.082294694,0.016869089,0.695148833,0.272369831,0.003215716,2.16345479,1.507332146,-0.037036243,0.138467236,-0.059184901,-0.036753515,-0.000736355,0.108658148,-0.05723437,4.893552331,6.047410702,6.796782908,3.48381273,4.493575235,10.46476673,31.57569977,4.085181336,8.548545611,3.030528373,1.98858788,1.041760746,5.465413152,2.359738244,2.507226818,7.732170786,5.777940858,14.26169612,1.874539104,9.890588596,3.269946377,4.900625401,1.875473305,12.13424574,3.022447405,1.731146673,2.248738761
ET0359S17,9.724805663,9.170371922,10.90534247,7.07264612,1.709736084,8.488400137,Pteropus hypomelanus,Clock_40_DNA_0014_Plate_1,1,,ET0359.ChicagoCBrookBat.m40k,G4,2.08142E+11,R01C02,S1_7,DNA,9.8,50,female,wing punch,Pteropus rufus,,,FALSE,208141550022_R01C02,,,,208141550022/208141550022_R01C02,1,2,,female,Skin,female,26.5,1,0.534246575,34.45,,0.351014539,FALSE,FALSE,FALSE,2.099300393,0.349705319,0.189174448,0.115661464,0.838125206,1.004924181,5.770015392,2.004956159,-0.00656075,-0.006170655,2.988950426,3.094198261,0.849994175,3.21992241,1.605735632,0.082140165,1.0642454,0.266511565,0.168901289,9.452367091,0.092001742,-0.028319602,0.070070059,1.096727392,3.740590092,0.389229563,0.16054853,0.552738646,0.318672982,0.66154507,2.344461496,1.920946068,-0.049519337,-0.048539582,-0.056297116,-0.021455439,-0.037576768,0.048477955,-0.057221074,3.871992502,5.550436745,11.04775163,3.965984469,3.970428756,10.46476673,28.99986222,7.495044056,10.61565741,3.259731735,3.054310638,1.460125999,4.874668618,2.063575174,3.117815827,5.329036804,9.982771501,12.65794247,9.750486397,11.67923627,9.399371601,7.328691531,0.390868317,5.848181663,4.481375979,3.739249926,8.531035534
ET0359S18,1.496400906,3.227936622,0.716714359,1.001683842,0.460106887,0.725621625,Rousettus aegyptiacus,Clock_40_DNA_0014_Plate_1,1,,ET0359.ChicagoCBrookBat.m40k,H4,2.08142E+11,R02C02,S1_8,DNA,13,50,male,wing punch,Rousettus madagascariensis,,,FALSE,208141550022_R02C02,,,,208141550022/208141550022_R02C02,2,2,,male,Skin,male,22.9,1,0.317808219,29.77,,0.383181552,FALSE,FALSE,FALSE,0.519589918,0.139681548,0.119209776,0.167450369,0.682498843,1.724014134,3.679610991,1.602172051,-0.045551019,-0.02288329,1.312888378,3.566644409,0.144928016,4.252453939,0.711411121,0.444264238,1.592721769,0.316203769,-0.026985821,8.981584096,0.083131493,-0.017232512,0.122703973,0.149554101,1.669009737,0.021355771,0.044726475,0.452528946,0.12812175,0.037724515,0.903840851,0.521165811,-0.033933017,-0.057462961,-0.059613872,-0.020633558,0.059483987,-0.003474743,-0.056394032,4.483912442,4.162104404,0.25242552,3.955240484,2.387862795,10.46476673,17.84765651,3.030709265,5.608076829,2.245508925,1.444452702,0.45515624,3.61958997,2.235396823,2.417922999,4.976944171,3.037250636,8.702860444,1.177059036,8.854326645,1.887762451,7.612715582,0.55046833,6.152354678,2.564149518,-0.498231917,1.463706709
ET0359S19,7.550417617,4.645669365,7.299682066,4.974560008,2.974583715,3.879871994,Eidolon helvum,Clock_40_DNA_0014_Plate_1,1,,ET0359.ChicagoCBrookBat.m40k,A5,2.08142E+11,R03C02,S1_9,DNA,8.2,50,female,wing punch,Eidolon dupreanum,,,FALSE,208141550022_R03C02,,,,208141550022/208141550022_R03C02,3,2,,female,Skin,female,21.8,1.75000274,0.753424658,28.34,,0.316637376,FALSE,FALSE,FALSE,2.109690082,0.307588083,0.217163238,0.033095631,0.749805326,2.693892775,6.334902671,4.638363546,0.000688973,0.03311709,2.251914328,3.364923675,0.38958564,5.895316325,0.319766837,0.190885548,1.436477685,0.188869271,0.028730393,6.421733946,0.424592656,0.206604851,0.151016674,0.895906072,1.716121957,0.083173473,0.097020645,0.676638687,0.209614466,0.089413322,1.953474816,1.7492761,0.173978939,1.525383509,-0.059531028,0.079608128,0.142055864,0.055695608,-0.055396008,4.497006881,5.744327999,7.086084119,4.717374807,9.900001025,10.46476673,19.4769045,7.483678127,11.66891708,2.939412148,2.529936964,0.705539355,5.988309732,1.656268373,3.687422699,7.607696223,10.17695767,12.0054663,3.175335634,8.853249191,6.686888648,7.613824292,1.594976275,20.695461,3.364652954,2.302723818,12.47149648